Address,VerifiedLabel
0x582b2489710a4189ad558b6958641789587fcc27,1
0xeb4245c88c660ae4ee23c76954e5490ccd7bbd82,1
0xd92d62ce8504e5c61aa17d9a9b13c65dbd77c268,1
0xc352add7ad8cac8baa839d8c88e7e9d7df9a219b,1
0x3f4dd010fbbc9a9b6d95f1f53837d7e9f3befac8,1
0xe8b55deaced913c5c6890331d2926ea0fcbe59ac,1
0x879716da78a75a44bdfa8f038ce875f99586940a,1
0x4e1833a4a67ed1c8cb0ffc541ab7291c02d2fd06,1
0x53344c813fbc35890a7304187dc920358b5acf4a,1
0xbef44157a4afbfcce76db29353b6c103a03ed803,1
0xfc3c1c0550188c649f70e78787c8cd9ff9d3b8d4,1
0xed59cf07c469f071fa1eb268f3b62d744ae572c0,1
0x934e65cead3c1c2824ed75d54768d53fa44e4e17,1
0xe86c98c75450075d096580f843fcd67a858ffd5f,1
0x582e3d8dcd41f586fbcc6559f16476d20b2a3b95,1
0x43f208d94a82cc2749a140b5e82636f31ce0390d,1
0xdd97853ba34af302f3d6a6415a750ae38e26d1fc,1
0xf062783c821e2f5a1d3768a20d2c281d134e0c92,1
0xfc5de599c9fe4e5cf0744aef3139ae53aa30a566,1
0x2101ba900918345003585b0a17de91570609d706,1
0xd7cb65c907815d1852e246198aa7687e06d96e53,1
0xc58492b3b14f658adff566c988029308505f81b5,1
0x5fb3d432bae33fcd418ede263d98d7440e7fa3ea,1
0xe648ae88a6d9b3373e115e3414be91b7cf12de4c,1
0x1fe7a92013b295ff98da0954b7a08e603754a1bf,1
0x9b26ba3a1d66cca67aa413da042a144a39c554b9,1
0x2c3cc0f8dede2eccae43380ecf29b61fa6d10dca,1
0x9a2e9235f7a7ac7b899e5f3208fbb13c6985171a,1
0x1ce7986760ade2bf0f322f5ef39ce0de3bd0c82b,1
0x109c4f2ccc82c4d77bde15f306707320294aea3f,1
0x4fb663c1616bfe80b5b6d5a214efa81d5a121801,1
0xa9fa83d31ff1cfd14b7f9d17f02e48dcfd9cb0cb,1
0x75aa81161e07483f6ca199fef46c13eb13d190be,1
0x723dff0e27cc38b80556f5e05dfdbdcb721654d7,1
0xcd6608b1291d4307652592c29bff7d51f1ad83d7,1
0x687a241422c92e3d15ce6a02c832f800b74c8b3c,1
0xf1c1648f6f0edbcf7d898441b88e489cfaace11d,1
0x8f13a1d43408b6434dd10e161361386f3952d665,1
0xfeeb8a968f0d7fd58e29fbfc525051f50ee2fedc,1
0xf767fca8e65d03fe16d4e38810f5e5376c3372a8,1
0x294308484f47ff5a833a284ac6949eb02728fbe4,1
0x422f8015c5d8168edee923749701360a8a4d0703,1
0x9758da9b4d001ed2d0df46d25069edf53750767a,1
0xcac337492149bdb66b088bf5914bedfbf78ccc18,1
0x49c3019b7a83b3c77a823255533975969027308d,1
0xba69e7c96e9541863f009e713caf26d4ad2241a0,1
0x3e84512f277a5081b9209831c51bce665035d9db,1
0xa864694cacdf27900afb3c32b1b07aea3c465dde,1
0x0389a06b028526b05966c287370bebefa0082176,1
0x78d4f849aab2b0a5a66f76b9b1ff47da5a9ae492,1
0x062524205ca7ecf27f4a851edec93c7ad72f427b,1
0x2a53f42ad8bba138c21b50a4e5711f18381a61e9,1
0xe19e5f100d6a31169b5dca265c9285059c41d4f6,1
0xcaaca224e35d0a1fa3304a3c4ec8beb5f28a99aa,1
0x02b2101903eb6a51518e63e84b785180859fda9d,1
0x750241c16c9fb878a7afd2b07b80f53e02c3f634,1
0xee462a6717f17c57c826f1ad9b4d3813495296c9,1
0x41f2d5040726c5328f8366f17041ec012ac8f338,1
0x007d42b9192b8c087b0d3e6ef73aae48e74b41c1,1
0xd12d8f8dfa54f1578b2177f99b2e282367b66b13,1
0xa83c4a6d0418074655bdbe74fed8435c46c19f66,1
0xb5aff01f3e820735fac9abb594dc9993cb9e5bd2,1
0x43e49c79172a1be3ebb4240da727c0da0fa5d233,1
0x1ff3f56609d0771abb49566600febade0e708beb,1
0x99d982e49bcb5465a6b4c1e0ec4341c912d9ba42,1
0xba6284ca128d72b25f1353fadd06aa145d9095af,1
0x1afd952269873fe009c7bdff5f07fd91605a7227,1
0x9d5bdaa9d82782c03402dd5c675ae3e45b3102e2,1
0x258d778e4771893758dfd3e7dd1678229320eeb5,1
0x1368e088682b3ea455c4856297365542ca6828d8,1
0xe861ad00aed0f04b41c675ec1c1493d2ebcbe776,1
0x09515cb5e3acaef239ab83d78b2f3e3764fcab9b,1
0x55d035ba1f4ae932cf98125b93d830d9858cd39f,1
0xb1d58bad78f33892719cdeba218f8641a71a3f05,1
0xbe46324018124b2d604c2f3eae91d3de9b388b09,1
0x37b53b46fa74ac3f9b4340dc5a39aabb0f2afa33,1
0x4028b9672bfd71ba2fcd97a6c82e06f72eaa14ba,1
0x428da5ff72d8be0efaa85336b6c6a9fc9e0f73fe,1
0x0f26c26318872e8fa85dee5d30cba45ed53b3d3e,1
0xf835b307bc5348194ae01ed729170c84217ba688,1
0xf243688304fa4f6c6efadc22b9c1dd009aa76650,1
0xa379bbdd0af814502eb9b38d475c7fa7411bb4ec,1
0x4229a873bbd207deef8f41e807e563c26033d118,1
0xcff9cb72d19c10df754ae7be6d280e379cdb2354,1
0x16a4ff536001405f2b0d7ddafc79f6a10d024640,1
0x80d9c4f6209044de069c545f68644419b520a02f,1
0xf7070fc72e2b92c6309785a39338d7c919a3cf4a,1
0x4668cd871eba35997e1fbe66d0eddf6612d018ce,1
0x43bbc7fafb860d974037b8f7dd06b6f6fe799b3e,1
0x7894ccf2997c8c89a80b86faa012d09d53ed48b9,1
0x3325439082ff8ba7371dfdaa1af297bbfcac21b2,1
0x316201f586706aaa2795bc2a3f0bad2379c363e4,1
0x1213c29b5e1a6f33e0d044f850a57b665e3cde21,1
0xfd2487cc0e5dce97f08be1bc8ef1dce8d5988b4d,1
0xfe3672eff595cfd36ed05aaf4622d1aec3b5e852,1
0x24ec083b6a022099003e3d035fed48b9a58296e5,1
0x446d1696a5527018453cda3d67aa4c2cd189b9f6,1
0xbb9854bfd082c48b4d426ac6a2a152b01326f46f,1
0x4865e85c72a27ca6c362da75ba6707c07464b953,1
0xa502f8112b2491718855f01a01a60462cc97a0d5,1
0xe82719202e5965cf5d9b6673b7503a3b92de20be,1
0xa9e4e3b1da2462752aea980698c335e70e9ab26c,1
0xf45717552f12ef7cb65e95476f217ea008167ae3,1
0xa39fcb48adf288f143459d57a1a0756718c919ae,1
0x7d56485e026d5d3881f778e99969d2b1f90c50af,1
0xdc84953d7c6448e498eb3c33ab0f815da5d13999,1
0xdcb13fa157eebf22ddc8c9aa1d6e394810de6fa3,1
0x3df616ee25ba3fa146544ab595f106bff5ac4397,1
0x311f71389e3de68f7b2097ad02c6ad7b2dde4c71,1
0x215ce36e90b1b64e6fa2e358305177f8fe5daf25,1
0xc249fe0288e75e47e62b138de8d020c9fee5a9f5,1
0x67ad530ecdfd7ac8289362914e88d018e8b3f3f0,1
0x2cdb253c0e44a284f6174ae90b5ea247e6cf3649,1
0xc601f6938c75c4ca03eaad570701d86e607771db,1
0xcd3dc4e19418fe7dad216376ff685760685cee13,1
0xfad05ee13c8e0ec94e5ee9dc056dc451b2ad6b1d,1
0x9b63e5599f8d7b70f96da0700bde1b4c0d7f35a9,1
0x7b307c1f0039f5d38770e15f8043b3dd26da5e8f,1
0xa25560d083fe0ea3e303c11577b5a345b236fac7,1
0x339150b0851bc5b3c0323789a58cc4e4afb38b37,1
0x02c60d28be3338014fef3fdf50a3218b946c0609,1
0xbf91b27fec3146a1b36069f92337a0ea330725df,1
0x0135c9a7bff72aa26e1d105ff5000e454e4dde7a,1
0x82aa987a16deafd8b4fab73ec316f94f4df43020,1
0x5233816151d616581993fca4988eea77d01e933d,1
0x7011f3edc7fa43c81440f9f43a6458174113b162,1
0x29bef3878b85522ef2afa541dd7477c9e0a2c122,1
0x2b22b2c65b185182786f087c1a0035b5ed76bbb7,1
0x83fccc659eeeee98ca9764b7b34409347dfbc98b,1
0xb328f05fa01cc2f9add1ed05c5636e7d9c9b9954,1
0x064e2f3511f2399e86953de1acf54322bbdf9d2d,1
0xf8f04b23dace12841343ecf0e06124354515cc42,1
0xd3ac627abdc1ce6c27c04b37c86e368f754f2995,1
0x536a6ba0d913d5d6a4ce2c6eb7ed0de3c0f0b89e,1
0xd6893da3dd6dc91b4957d2d74737c6726f1033d5,1
0x8b7c1450d435f2932e6a7225593d14a4dcf0372d,1
0x44357ae7512fe99f55cb94a85f3e947b9143e76c,1
0x7bd83b818fb88239a8ece4c95837dc5746af32cc,1
0x24ddd6e7d5cdc29251caa00e46c7f3c738a78070,1
0x4e88419be4e8643d98b15f8b6cf9cf3f6ef1fbfd,1
0xa38feb7b0aaad949a1b99ff516d4e3ea2e317bbf,1
0xbea72b7da261bb0a488a5d07f01b16516ba2edef,1
0x660c46a5650fb0619f603a2f4d73a1cdf8cd00d6,1
0x465cd6299775dc459a23c80997d2664656be9780,1
0x4f3db6d4c97b8248ad5e244e4f619086084f6848,1
0x3da6d8f14dfcd576c46f9994d8fd94883a8f3fe8,1
0xb10ea0d397db942a1083a4af9c6074ab63bc8c8b,1
0x9e48a065af4d02257d9c9c83d78e7c06e7bf2449,1
0x4480451c0aad4b97e837465d3ea618f976970df0,1
0xdbb6b23520472c5070078cd3e7097b36b001fb57,1
0x13afabf464f7d3e6c7cf0e685181d9da3935e01e,1
0xc0b52b76055c392d67392622ae7737cdb6d42133,1
0x4b8705b0f740f7b51d746c0f626d06b8cf25814b,1
0x8fd1a3ea61b1456be58e38b8c1bea49acb84b7fd,1
0xca7c390f8f843a8c3036841fde755e5d0acb97da,1
0x7fd6d3537b39842cfe16e813851296d4745b51a7,1
0xeacba276ff97853102c3d540b663c08ec7fbe0ed,1
0x2464d1d97f8d0180cfad67bdb19bc30cca69dda0,1
0xb336a86e2feb1e87a328fcb7dd4d04de3df254d0,1
0x79c039d075bc3b86a7df63ebbe55fbc642b5220f,1
0xfe9c69945687539fabbf531133838d9cce522a76,1
0xa7481af3bbc9d902c02f58204c5683052de53330,1
0xab7689c7be6d9b5428d6bf4c536dc699fc919260,1
0xc1824278b767d9efb304c63128b1a92babc3fa4b,1
0xa90be2201bfed97587a2a17949e8624eafe51d13,1
0x85c84c949b1c29c85b777f2873a19450dbb1a057,1
0x496a84aeaa78f6fc8ed458904d7f2d52b222e823,1
0xc305b6401643b63dd9d74040bb16bb5c8bbbaa88,1
0xf52ecc525d998eb880911a268b0fa4bc7d69a435,1
0xadd6f226b34957a8f59a5be195560b96323c74c7,1
0xd2dc2625079d2eb5d31a03ce2372304a23fb7b42,1
0x787e3cef5edd94089ab3988775fcb24a1582b38f,1
0xc2b9e4826a426a071254ccc40261299740c02b2c,1
0x0d5919572552c6c8c752aa402bd033f2b2886bbc,1
0x5eabae401202b9ed9e5dfbbe2d67860361eb0a9d,1
0x9e2a68ed6b854e2e55433b5ec8f471c7b274df51,1
0xe6329d65ebcc5cbccdd719d7b18ac9e220dca145,1
0xa0285193e366a634fd9639d650b2115d77681a37,1
0x0b230b071008bbb145b5bff27db01c9248f486b9,1
0x6b62497fc36e1f47c4c2d9f29fdf28cc3ebed72d,1
0x5c3578f62ccd0b126214daa589ca11c7dc681acf,1
0x8153510d6b4205ae9fa956b1a3012922ded49350,1
0xd57ad441160865b7393be8c8244a69957dc4d53e,1
0xac2bb751cd9528ffbcfdbbd976b906baed792a56,1
0xdf05fb3eab68898ec07cadba5849c30fafe9b113,1
0x21905ebd9e1f9587c7b3685d424679f16cccbb58,1
0x79280ded572a0a7dfd31dfcc5baef3121ef0fee6,1
0x40b88bbd78cb0441259de7a7d608a39b7388369a,1
0x26bad8baf94001cd778731f8fd84b6cb01859748,1
0xc07ec6b6e3783b6855d000e104e44b3f86bbfc22,1
0x6492904953ed9015d6b37f8063b65c8de105d837,1
0x7b4700f2a2e0765aab00b082613b417cecd0f9f0,0
0x6e3ed592e28006eb6db16a568a56e82437a32935,0
0xb84005872b407999a4a97f91d5ef40baaf1b9dc2,0
0xb95dd00b76c15b11ae82e875e9719029cd4d2110,0
0x4f75836e2d0ff46513532d276e0475543b43d308,0
0x7fd022cc8b6e019260627fafa1d9c3afece18cef,0
0x79499d0f0b3a2a29a93583936c5e46a00e836097,0
0x35792029777427920ce7adeccce9e645465e9c72,0
0x33a8ea1c8c6294c9f65f3dad7ca7f037bd09f951,0
0x703967db0f05c140d77a8d1c02d52435c6eebe20,0
0x4af36685d35b8889a9d8801576b28b79c7ad8209,0
0x55fc04a73f058832b4f3498dc83ceb6e53a9e314,0
0x2ef76694fbfd691141d83f921a5ba710525de9b0,0
0x173bddd4f27a7737a86b2918d816018701329013,0
0xffc08dd84a66775e6236e0a80ee2f340e0042f8c,0
0x949c9b8dff9b264cad57f69cd98eca1338f05b39,0
0x0b6bc31fe6839ec3b8cfc98819cec7fa64158a8f,0
0x1422a103db05e3d3c3b003f57db5cb519469ab3b,0
0x8d2aae6a7eb63ba89c36e82385f096d41074cd87,0
0x3dd88b391fe62a91436181ed2d43e20b86cde60c,0
0x9ea5b12af209634b92129b7b011ed36cb3299dd3,0
0xba54a9aa2a711883aa5fc87ae9e7127ba405dac9,0
0x78b058ccda93816487c655367dcb79664a216ad2,0
0xb36ce92cad11e7a9b903531f30590ebc2e991ea6,0
0xac709fcb44a43c35f0da4e3163b117a17f3770f5,0
0x6c8f2a135f6ed072de4503bd7c4999a1a17f824b,0
0x97e7ef310499be2f97c392b8b16ddd494af73e22,0
0xe9c417eae5e9be4a4837b844795f67f9681df69f,0
0x379e2768e0631493dfcc9a560171e66f93cbcc69,0
0xb10ba7b334d3bd1b2110ba00bca39696b6df406d,0
0x3a09769f27a6e4b01bc58b1273bcaa8159033ec5,0
0x4e646a576917a6a47d5b0896c3e207693870869d,0
0xf7d02347d055bd3a1fd66a7f187c4453fb6882aa,0
0x3d212ea8cb9b5795a374956cdb193eee7802c37e,0
0xce5cdcf3c4b44ea985aedd0c9c661857e145382c,0
0x6d997edca04282950416fa380d834f360fc36ebb,0
0x98f0485cdd22710a9a923e616567eadfe62e258e,0
0x3bb2bb5c6c9c9b7f4ef430b47dc7e026310042ea,0
0x66e32d375642ce9c8202caea1f6a83b0c3caf32c,0
0x41c4413c7a2dcaa95b5e3441d8401f13e24d337c,0
0x352661478f9599a6497beb724174836cb5e62e3f,0
0xe372dd32e141b019346f8ee8527d3049105a47b9,0
0xd76b5c2a23ef78368d8e34288b5b65d616b746ae,0
0xd0a6e6c54dbc68db5db3a091b171a77407ff7ccf,0
0xc9c1bfb27e97531ecfe005faa2b2ed4828b08a0b,0
0x8702b8d7a1eefec7e54636e26a9323dc96a8dc25,0
0x940e7d8fb34921c3c5bbb8b9792b1a0e4688fe9b,0
0x1bb7804d12fa4f70ab63d0bbe8cb0b1992694338,0
0xaf396dce15cb9e834ff9187f34f589db22c849a8,0
0x8cbe659dcf03388ad6098b0bea656b0f2e4011ba,0
0x1d979bd0b663040f2fe8a9854a8569919ae153ac,0
0x3730117f77ac04eec364bf72a656010fa4703d76,0
0x66342e803943929dc47bca1d625f42c7c725b049,0
0x7b79387dd30dc6848dd2308c825b6802e99abc84,0
0x5ef72fda82d53047d1f8b5baab484e9466150a6a,0
0x0908f1678ea2aa69912ed9b45861e2cfe5c41c35,0
0xc5c49c5f57d9f1635dde956c6858146717879600,0
0x75a931567048edd4f349fa1a1cfbc4b4dca352c9,0
0x341e790174e3a4d35b65fdc067b6b5634a61caea,0
0x9ed3b1520f60d1075c2b9a65ec8a253f9ceb456f,0
0x2563c25db9d2fb94f65e7632544eb057fc3dfcf0,0
0x40544a0087989d6864b09c8af74df453021acf41,0
0xb078ed7622695b49bdc8d297625d70339548f8d9,0
0x5a30b9d5df526e3ff1517497a8fae401fb28a712,0
0xe7aa95217eb415b2c400c81e2b65359e720ab936,0
0xbcb2797f9a74d9099d6077c743feb3bc812eb2a4,0
0x3f0624d68a16f19428584333c1871cdfba0ba870,0
0x5c457ea26f82df1fca1a8844804a7a89f56dd5e5,0
0xa47178da1119218bc2a8dd9e3251ee89b7c7e7f0,0
0xc6b330df38d6ef288c953f1f2835723531073ce2,0
0xb4e4a785de5a9caefad3912a1344febf04c7d2ac,0
0xd1c37dffd4ef36867c5bd7e59566358ea3d21e63,0
0x6be4e8a44c9d22f39db262cf1a54c1172da3b864,0
0x498aaea441af871de5e65848a31ce57385dea597,0
0x2ab9f67a27f606272189b307052694d3a2b158ba,0
0x6cfa91e0b2332741a554d12fc7319caff3575ba1,0
0xff3216f86a723f2c23b03b5cd1f622eb1a204159,0
0xd8a5b0d3cb3b00113a0cd96856926dc555d9e752,0
0x0bd6e76d1262b9e8ac056eca3f695167efbdd297,0
0xcf7cba701ded5c4d8e588e64f70b6ba1c17ea277,0
0x0f8dffce81d890c67fdd71cf21e68c92ac10c687,0
0x2136bbba2edca21afdddee838fff19ea70d10f03,0
0xabcdd0dbc5ba15804f5de963bd60491e48c3ef0b,0
0xdd6c68bb32462e01705011a4e2ad1a60740f217f,0
0xaef38fbfbf932d1aef3b808bc8fbd8cd8e1f8bc5,0
0x606af0bd4501855914b50e2672c5926b896737ef,0
0xb9ecee3caa88e1864b8264b18d74a267c79aa2d1,0
0x740650f830a0aec0f27821174d1b5737f9636017,0
0x0d3456099d32e297805c5b07d9bc0b0b579206e1,0
0x91efffb9c6cd3a66474688d0a48aa6ecfe515aa5,0
0x67d0c6e07bde60f88e9f7775f366c223ce6a9160,0
0x1bcbc54166f6ba149934870b60506199b6c9db6d,0
0xab7c74abc0c4d48d1bdad5dcb26153fc8780f83e,0
0x03806ce5ef69bd9780edfb04c29da1f23db96294,0
0x108284702b23504de29d3293f2530255c6b3ccea,0
0xcc4ef9eeaf656ac1a2ab886743e98e97e090ed38,0
0xd5abcc4c80fd01d8822f35f379fbcebf7a8b8679,0
0xee74792bd15d23a63e5357f599cbe1ec2f898bbc,0
0x1e69c3cb4f08aba18bad6da03f5c5441014d4169,0
0xcb3ae1fcb86d208d688da935a463aecff8eaeb41,0
0x0c7b8eedd028f3730e7b0f3dc032e916302f09b4,0
0xa23dfcd7a6a742d892f761496cf3b0b7bc36fe4c,0
0x36ba156f8fba7bd116f78461d9fdf265b4e75747,0
0x4870e705a3def9dda6da7a953d1cd3ccedd08573,0
0xd65960facb8e4a2dfcb2c2212cb2e44a02e2a57e,0
0x6dd38916b8c3780fd487980c54c90c175017664c,0
0x95c2906debbb9203ff7007f26c2f00a936c77b5d,0
0xee9147dd0307e4a663d0f756549d47d6f8bd356b,0
0xd4fd252d7d2c9479a8d616f510eac6243b5dddf9,0
0x8a99ed8a1b204903ee46e733f2c1286f6d20b177,0
0x8d7b6fb1523f04e644085e14d5e49b1c6278c92e,0
0xfbc23099a8bd0ce4227920dc559fcfe9c7fa3ce3,0
0x78b7fada55a64dd895d8c8c35779dd8b67fa8a05,0
0xf0a924661b0263e5ce12756d07f45b8668c53380,0
0xfc668ae14b0f7702c04b105448fe733d96c558df,0
0x2d3a6cf3172f967834b59709a12d8b415465bb4c,0
0xbd10c70e94aca5c0b9eb434a62f2d8444ec0649d,0
0xe4f4c979738f84d9dcd204e94a94750608dfd184,0
0x4f6fe3bbefdb17e23d6e74a33482413c961569c3,0
0xfed8dfb896ff7081851c56a2652240568d2c513f,0
0xf2289a55cd754d3b586cac1675e1c157a36637bb,0
0x888666ca69e0f178ded6d75b5726cee99a87d698,0
0xbe8eb2544083691c76f113ed36bc45e3ffe969f5,0
0x3bf541f87056d134e0109be1be92978b26cb09e0,0
0xaf32279149101fa3f6e3d1768f051593049dcd9f,0
0xe64aa1e4301d85ecaccfc15e4af887a1fe6f5f56,0
0x5adce2c8e78ca9102af302eab5937f7cefb0a266,0
0xa2d4035389aae620e36bd828144b2015564c2702,0
0xac504e2a9c870a48de521ed513b251b1f7116dd9,0
0x03af37073258b08ffff303e9e07e8a0b7bfc4fd9,0
0xf7b098298f7c69fc14610bf71d5e02c60792894c,0
0x4e61ba9c25d43e802c6be8d160432e4989dea1fc,0
0x38bbe5d0926122900dd50741b051bf323cd401ae,0
0xbb1972a4eb98de90c150ba209e60238a74ac774b,0
0xd173cbb6324c88b6ec969eb055124349181812c1,0
0x615d2c5155ea9841f2a926c3a4953d140d407c99,0
0x51ffc1b089392a5bb65bf24eaf04d07d0e6f88b5,0
0x92bcbc2240d581a3fac5911cb4d807e7a79590d8,0
0xe75509810e09b04eef4ebd0b471bacf5530b162e,0
0x2ea7ae77369654e4afe84ef3733fccd8e159e1fe,0
0xd43d09ec1bc5e57c8f3d0c64020d403b04c7f783,0
0xb63b606ac810a52cca15e44bb630fd42d8d1d83d,0
0xb145d37bb120501ce2083b9e077982ba6123d849,0
0xfe2f0a2d25639366b19e4105068720837277e70f,0
0x7600431745bd5bb27315f8376971c81cc8026a78,0
0x00a9f7d093c46d95f0318e4a6ffc6ed68f73044c,0
0x3b6b74df081bc0e2c4776b3ceb3d4bc61c20ad32,0
0x15a058323dcd425be52b9340fb13d7d1f135f554,0
0x9497043f4cd9450867479f3fd873d80d9321094c,0
0x35f2aa4e39514c763eb90a24396e2d2c028a19e3,0
0x5e6ed16d845a46b9f863a256e7a3194f2a9e8b5c,0
0xd39fe1cffd8f070429169b416b7e07f486d553cf,0
0xd3c9836230d43e85c643607cec509138f2955da8,0
0x25b7dbaf654718171892f39357af75e060b2db5b,0
0xc9c7db3c7a2e3b8aca6e6f78180f7013575392a3,0
0xff4f3ab463056a5a63c0ed83ecaf57d78a2e53db,0
0x7fe180e63198e50057c3f2817d058e8904c650e3,0
0xcf00354366bca2f2cd49007bfaeac49d97463200,0
0xdead49c9398a34ca8bacaaab0e1af098f0b20733,0
0x98086130278fe48f2f0330e330df6ed6c91ce4f7,0
0xd64ad4eefaacb96a0865687cfeef4c4a2cfbfef2,0
0x7e6614722614e434c4df9901bab31e466ba12fa4,0
0x76e580f75bf01bffbf4f44167d5822346de4f176,0
0xb734c74ff4087493373a27834074f80acbd32827,0
0x25af8d824b3b078a589e47418a95b4388d1552f4,0
0x3e368966c54c606ef545ccafd43af8be1def734f,0
0x1939f518ff3b24aa728e023ba4991e282f80b466,0
0x6750c97aa8a1b388ed560a06aefd64d457455ba7,0
0xb69d539c777e7793fda30f31633de321e8fee613,0
0x28863b9534af2a4c3d912e9a3b76b0b7b4fe2046,0
0xb61fb596b0cc9fa829d678eb0b8a0e058c3f1b91,0
0x5d67888188772df8ed420e5be43820c9d98a8ef5,0
0x2abf00b596f4cb10384654dcd76253b3140d35ff,0
0x8e1a99d8dbe5687f74c74f18295c4928ce2f676d,0
0x012233b3c8177f0778d910ed88170b82de3bfe57,0
0xca16790e9bb125392960e78befff1d4df4cb5b58,0
0xafc36ac17c5d84504064f944b27292e795d03398,0
0x56fedaf633393a4902078b95a4de01c6185c5975,0
0xfc5ecc864a5f3ebbc0d63f4c4a968cab99a6c580,0
0xab7e45c80a2e46127663dc59ecf96d5af3a1e794,0
0xfd5fb2880b5b725bf8f4ebd3cd30d23aa65dc5fb,0
0x65391a542942510b10c1689d874b62620de28d3e,0
0x4a9d54e391812c54da8bc57ddfa32dfe13ac3d0f,0
0xb78af44145dc140749eeefe960ae9f71210621d3,0
0xa7e3713d9fbeeff5aa1ea416ba9df933bbe8dbe1,0
0x7eb9f191f0280edea1178d2b9848f43ffd520193,0
0xaa1a6e3e6ef20068f7f8d8c835d2d22fd5116444,0
0x9bc67b5fb7359db0596e7282748ea10f222459f3,0
0xe05cedd2838e4e1d99b539d8c768d6ef2a10f729,0
0x110c11de11cce962604c28bb05bbc399cbaa7bda,0
0x7338809d1a2c6fbb6e755470ab2a28e8c5dac63c,0
0x5678bcea6d6f33f645dca8c8c9b7d8d5caf0a2b1,0
0x75a32cc1bfa5c32fe428dea7c40693d7004884da,0
0x2880f03f181ee0967a00bac5346574f58f91b615,0
0x7a134ef9a957f2a8af3bd4a4cad2dbc6a0de7f8a,0
0xe7f4f5abba4a0ae18eaa31796876d137e19b93ad,0
0xd39902f046b5885d70e9e66594b65f84d4d1c952,0
0x32bacc8b241fb172fee18bda32527126c6f3c5f7,0
0x99d439455991f7f4885f20c634c9a31918d366e5,0
0x41ff0796a6c7a201476bff53c4cb2c48b084e5e0,0
0xe26517a9967299453d3f1b48aa005e6127e67210,0
0x0348b55abd6e1a99c6ebc972a6a4582ec0bceb5c,0
0x385e817b0083724672cb998a7afcf6da05bc0c7f,0
0x7ec6a713197fcbb4cfe7213800470b0940268549,0
0xd50f2acab96164f3f538980aa8042bf8a4e64b38,0
0x113058c101b2d78e001d4a7d2174a66b5ff3a4a7,0
0x9fa8fa61a10ff892e4ebceb7f4e0fc684c2ce0a9,0
0x395cf3ecd8794e9b2c58c2fff0e3d9e58f939319,0
0xecae6888e3ea6a2a8dbf95500a1f74dd27c3b54e,0
0xbaabe94c786fe90514dc6fa68499fd93ee583a5c,0
0x162ac26e2f0fe036c3a3d370c118de0b6c883083,0
0xa6d3ab499f7b20ce2a9ab5660415ccc19e42c4df,0
0xbdfcdf0ad3c89df471808c687be20c169dffebd8,0
0x4c3c6f5f2ef44f5e2ffcf6c20b906a91d246c9a2,0
0xf428b0641a4c1ce1d2f360e46180015a5bcc2346,0
0xa1877c74562821ff59ffc0bc999e6a2e164f4d87,0
0x14ba17c52e4c2ccbb95de1d2bfff002398f515a7,0
0xca29db4221c111888a7e80b12eac8a266da3ee0d,0
0x76273a63d7c102a61104149f3cc567ec2b4e4257,0
0x25e997bc2d26bf1587e6c14a4bbbb5ebf1e8cd84,0
0x84f5fb60fccd73f06867d800445b3fd8b01a2dd4,0
0x8302d67bdc44dc0457e0c80312142dd353c9948d,0
0x7a93f0d9f302c0818022f8dca6ee1eb0f1b50308,0
0x6369e56e1b8499a62d8632bae7becb9f437eef98,0
0x82b279b585c7bb848c36f23919d68b4d0262c184,0
0x908c41461cddefb9f7b4d90c03b66c1c52ab6093,0
0x9bfe61748ba9b71789de234d2bdc8fa21047d3cb,0
0x3b912fb1b5b9e07e50e43f0404fee038f9a0353c,0
0x4d54be5a62f5d9fcf4b17c7ab6e68822c142ec6b,0
0x1aa7cd179908adb9c257e7501c1eb32531e66616,0
0x32fabade1d0e05f98c8bbe89e66c40db040cbe8e,0
0xf87865c9e297c4373714a0c29990f47408848b82,0
0xc85b0c4874b8f06bfb3f9b65f252d60f962e60b7,0
0xbe66ccd76e2007a2af8ae7134ad5ab4b08cc0102,0
0xcc89405e3cfd38412093840a3ac2f851dd395dfb,0
0xdcabd383a7c497069d0804070e4ba70ab6ecdd51,0
0xe6517b766e6ee07f91b517435ed855926bcb1aae,0
0x820b5d21d1b1125b1aad51951f6e032a07caec65,0
0xb40d0312bac389ae0a05053020aac80c9237358b,0
0x04392398673e6247ba7b781029c4ab2aad9efc28,0
0x9cb9eb4bb7800bdbb017be2a4ffbeccb67454ea9,0
0xa8855be2f7142f1485a958ca4135a7ee2752c732,0
0x7c07b7b34da43f240ed6d4edaefe9a986aa01bfc,0
0xbc8645af8aed2dd77c04639d2f338f4e09b6adca,0
0xdd88c4d189585b650a3fe3d0e39147fcca59ec32,0
0xb27fb8de974414142e7f3e2b60b6920462f2f78e,0
0x5a13caa82851342e14cd2ad0257707cddb8a31b7,0
0x52ff8b15ef6b38cf0554ba9207d70d0d2437c56a,0
0x31e13882c45c1023d9b16c3794c1a780bb6cb88d,0
0x74c1e4b8cae59269ec1d85d3d4f324396048f4ac,0
0x26b112dbc2abfabfc7949e817b2118cfc9128623,0
0x3aca783ca0bd7ae06f4440bf58d3a75e425ec3ee,0
0x4e260e3ca268e40133c84b142de73108a7c1ec99,0
0x313c54eb9f08f1be0f18e8ad505135fa7041a52f,0
0x102580c6308a4ec4708c8241bd29d1c02e1f9a2d,0
0x144bf2bbc61a5ae867d7e1fd603015df7f6d4fb6,0
0x5ae202fc4cfc0541e5ac479732847f8705d53d71,0
0x019d7e5ae8d2ba9a292244311dc7355058ab1b08,0
0x8fa1ead5d8d774b27d288711abe4d4258224ae26,0
0xaa3e80a42e7bac1072bee7ee5ac72123969b8400,0
0xad2b1feb2153cd5a6b8a5f37a820ba013a89cabf,0
0x18429dedafbb65443edf60402294df5c01aee1da,0
0xbbc79794599b19274850492394004087cbf89710,0
0x99892ac6da1b3851167cb959fe945926bca89f09,0
0x6e01ee36b522a824609b7f7dfb5e4aa8fbb48934,0
0x6eda6ca69d86d3207e3c26570f001309ec2f64f2,0
0x33a22bcafd6ef4e4a5e322f9a3910298a3c043a8,0
0x90aa6fb2c2ab2c9e3fd5634c054d636c708cd5f3,0
0x57d90b64a1a57749b0f932f1a3395792e12e7055,0
0xeb90dca0adfabfe9571012bc1f6cecd663098962,0
0x6777c314b412f0196aca852632969f63e7971340,0
0x43d702ee5e08465522e93ae2dd39077aefd42702,0
0x9bdd27e56a3bf6fef40dfe71c8a97e2c843e1902,0
0xb04cfa8a26d602fb50232cee0daf29060264e04b,0
0xd39ed6143d5a69a25d7fcb06b1bb554f2debaaae,0
0xa646e29877d52b9e2de457eca09c724ff16d0a2b,0
0xb0f94af0cfccc76113bb5ba2c2d89d56221b18a5,0
0x131288b47c92409d0778d0aa2fbb8367e3399d33,0
0x4e87a723a3a75c41e34ad6e6995f724d9abdc745,0
0x0fb81a518dca5495986c5c2ec29e989390e0e406,0
0x1e2e3cc6ce2e87a9aa1684e948e41a17c5ac3ecc,0
0x993bbc77c48ca648659129602dd507a96bc5b561,0
0x91aba36a26c653aba26bf768bc203254cb2bb910,0
0xadb6e66f41fea754ea91d46c63e5211b889aaecb,0
0x98f62d8ad5a884c8bbcf262591dff55dab263b80,0
0x851b7f3ab81bd8df354f0d7640efcd7288553419,0
0x87e093f4a39bc0f486f59e45af64d2d669d61b5b,0
0xaafd4fc990ffa78ced015d77f04cc65842a3e78a,0
0x460f5bf9f5ccfc99243aa4145e4e40c6a6fd9624,0
0x96499b84d5f704b6e660376116e3e0fc857f3cf8,0
0x0d47d4aea9da60953fd4ae5c47d2165977c7fbea,0
0xcb22b112bfb0b01ba37a5a74c2be29120e510ed6,0
0xd29ba5f94fb91eefc5e3aaf69f181febed73930e,0
0xb69fba56b2e67e7dda61c8aa057886a8d1468575,0
0x74e5f1a34a651c052d86dbd25042d6f710187f0a,0
0x9473bc8bb575ffc15cb2179cd9398bdf5730bf55,0
0xcf965cfe7c30323e9c9e41d4e398e2167506f764,0
0xbbda1f5899f828735af87e890afc6449fb90de13,0
0x23141df767233776f7cbbec497800ddedaa4c684,0
0xe3854baf7c9a3c5244d380afa93c1c786a05ae16,0
0x44033f223f8d1c1bc40a0bcca30c37f9737425a3,0
0xaa3f3485b5a009b34308707aa8e4c6f6c8e4dd49,0
0x9b6baa7de8751328e8e0a8b872ff8d36539b313d,0
0x5fe5b7546d1628f7348b023a0393de1fc825a4fd,0
0x299bda4202a1e00cf2971bb863aa11be466a6c4c,0
0xda5c805cfcf76ccc44ba616e0898ef1e33286063,0
0x051fda7486480dd5abcf5dd742ef002a2ebb9ea0,0
0xc5912c5aa88d7c947c9510b3c8d76543c72ed98c,0
0xbdf5c4f1c1a9d7335a6a68d9aa011d5f40cf5520,0
0x202bd96042127975114d8b2b1f0ef429a235313f,0
0x237f29bbfd52c768a02980ea8d4d983a1d234edc,0
0x6dcf8319b3c6fffd4ac6079a7cc336d1c5562f80,0
0xfec0cf7fe078a500abf15f1284958f22049c2c7e,0
0xf0d8af9125de2761b42dbb0b1014bf232219a1c5,0
0xabbb6bebfa05aa13e908eaa492bd7a8343760477,0
0x7a2770fc68c659b0255d6d80bed82c7b0f163d6b,0
0x83051e225a06682ff0dde9bcd267d8418c4cbcd7,0
0xb919b2903e07293bc84372471a7081ecb69e8d36,0
0x793ae8c1b1a160bfc07bfb0d04f85eab1a71f4f2,0
0x75f398d5b9e92d17ee307268c28779da26508f54,0
0xf165c0df0b759e93e6166aecb667c7ec2a300525,0
0xbe906537d65ed2d77c17fc8b7ebd4af5be7dab57,0
0x92a06f3ed11af181d832bb474d017906acb8c299,0
0x66a8cc4cddd86a3d6ac34f553dd250983fee3fd4,0
0x89c1b3807d4c67df034fffb62f3509561218d30b,0
0x7da90089a73edd14c75b0c827cb54f4248d47ecc,0
0x2d68a9a9dd9fcffb070ea1d8218c67863bfc55ff,0
0x78faea8994efe7fc448e743b7b342e1a96ba3807,0
0x5cac5ac21b93095490f736205df600fb4449aee1,0
0xaaec8b72a46be4aa4d8709ce182ed584c387e944,0
0xf4873530d48d3948c1d25fd6a58b0238751ca6ba,0
0xa1c1983aa3599657a74cf5a563e880eedc57ae4f,0
0x8b7b6c61238088593bf75eec8fbf58d0a615d30c,0
0xda8fe472e1beae12973fa48e9a1d9595f752fce0,0
0xc3b643bb85318b6a0e1b46c30365adacdf9469c2,0
0x69644dad199c1973ae660ddbd86bfec1109c06a7,0
0x740e6b6f0a0165e8bb3d1cdf94862bdffbded22e,0
0xbc9ccc8a46d424de38b2e4df5f4a5001321c5d4c,0
0xc2d4290aa2dee92c6ad85ecd580d1216010e92d0,0
0xfdc1d17c59320f35816de0ffad0a019c9718dd88,0
0x390a6ab0684073ae6cabe6c390a43e87b117ed0a,0
0x3aa5fa4fbf18d19548680a5f2bba061b18fed26b,0
0x436aad97c5c4298521a1295f5e55c7bd9ab090c3,0
0xabea74917283a8662865894c7d6cfecafd85ceb6,0
0x2c974b2d0ba1716e644c1fc59982a89ddd2ff724,0
0xefb1534329a626dbe7900e28da70983604429c74,0
0x9ea80e204045329ba752d03c395f82a12799f13d,0
0x880d6adb5bb4c8a7f578d31a4ddb0c48bc590fa3,0
0x08d32b0da63e2c3bcf8019c9c5d849d7a9d791e6,0
0x0af46b0c6d12f6d498f623f9184ee9ac58c2b806,0
0xfd13d75f8d0c4fe4e9b20b769f006a21fc3004f1,0
0x40349a89114bb34d4e82e5bf9ae6b2ac3c78b00a,0
0x20d42f2e99a421147acf198d775395cac2e8b03d,0
0xc797f7d82962157b4c73d43dc7723df0f82c0194,0
0x8aed3f09ffaa1e6246e3b4b5790f13e1976f6055,0
0x16ff57d02d9b1442f87c4b69eab5779fc8a71516,0
0x2307cdd65605e5030928d2014ae6abda2a2a0aa8,0
0x1d77340d3819007bbfd7fdd37c22bd3b5c311350,0
0xaf0f6a53269fc9dbbd9da9f11c368d36b7a60006,0
0x1e700861dcbc06c9a93fb17e556150e120cb6f8d,0
0x78f6a1d4b94d2e6c4ce3c5cc858b9dfb6e98b50f,0
0xb17694da33c2ac8b911850d823b32087a61bc9d2,0
0xd77fc35cc9007557dcd18bfe26fe66f1ea3a0e7f,0
0xa9e2320d9e6c17eb45a921cb2698b42256f5e142,0
0x011585ba96aa16b803e239defd807465073b883c,0
0x5535a72556727c221c567e0fc4208c5a99dba1cc,0
0x5e87ede65d71218d710c6f94b9bfcd9017fb292a,0
0x40360631db85eddab268dd1b6ffea4377733e125,0
0x5c430fa24f782cf8156ca97208c42127b17b0494,0
0x1953da4bcebc9579156586c4528af151381d6bb6,0
0x7753a9d834844cfde5c211ec3912b49f0d8b8e11,0
0x95cc9c7bf003d948dea3a5a95116f7fd9ca43778,0
0xad87e48d553c2308dccab428537f6d0809593ba4,0
0xd77c717b04d056902e6304c9be464d12aefb9db6,0
0x68387152da230ec518154ae8e74bda3be4070049,0
0xd3cbcbc2499269ad5d2b0f58de58628a258d938a,0
0xbbf0cc1c63f509d48a4674e270d26d80ccaf6022,0
0xed37a1395e3c9db3e6543ea770b91ea0e8bd4f05,0
0x4ed65e408439a7f6459b5cfbd364f373bd6ed5f7,0
0x3eab9a2fa76f16cdc46e707ff928f7995886dee0,0
0x6822aaf4ab22e6cca8352a927b9ae0a8fdb58d9d,0
0x0f822ae3fc6e3305b33f95d905c9967bae244d82,0
0x9ae98746eb8a0aeee5ff2b6b15875313a986f103,0
0xab6cf87a50f17d7f5e1feaf81b6fe9ffbe8ebf84,0
0x2aa307aaf1617c301904e28bdcc672f909344609,0
0xcaa621a926389d8e6138cd93e9976ffb52bd4eb6,0
0x6f576af2dba6bf6308caf8feec3fc3d07501c018,0
0x575a9368ccbc951986bb25412876be1a3218c883,0
0x302fe87b56330be266599fab2a54747299b5ac5b,0
0x63c0f17c1f72e1315e3d4f8a89a37d95f1314793,0
0x3b505511a928c04423df358b8f1fa7d231fb2a49,0
0x035a401972f228b58dcae76bf318b54ed036d680,0
0x7957eefc49db8e7c7a11ded53f4604aa6afc0b29,0
0x9aca6abfe63a5ae0dc6258cefb65207ec990aa4d,0
0xd00faa50d4f1a97b407fdc8656c940712fdd4150,0
0x96843f4763b86fefd1f56aa7133e24acf2a88efd,0
0xa11e4ed59dc94e69612f3111942626ed513cb172,0
0x1389d3485a6d440f23855e538e3656230cf25d0f,0
0x97a8c6af1c65d27f6bb0da4a3ace902c93e24eab,0
0x2a7e1f7932240a1e0609b4b993933649163d8755,0
0x2b08f3ab8986075f8691ea9abc393642964e64c5,0
0x466f39a5fd8d1bd54ea7e82975177c0f00c68492,0
0x0affa06e7fbe5bc9a764c979aa66e8256a631f02,0
0x7cfe55c0084bac03170ddf5da070aa455ca1b97d,0
0x53325828eddecdc4378acb9d2d116ba6b38bd35a,0
0x4aea7cf559f67cedcad07e12ae6bc00f07e8cf65,0
0x3931e02c9acb4f68d7617f19617a20acd3642607,0
0x7c8b63c4cf7a6009e06dc78d9a8352cd0541556f,0
0xd7f66e73ebfa13aa2e0947d577f7626752fcd6c5,0
0xd111bd7ad596ed9c78ad8fdecc6e23aca63b4383,0
0xc0506ceb264b057182a4c3ab8a0b910a545479f0,0
0x755cdba6ae4f479f7164792b318b2a06c759833b,0
0x47d822fcf7d242d4e6f22ab70b63fabab36922c4,0
0xcba46f2c1d9b3f3b1d2b7f9660af7d48984e4e46,0
0xc0adf1ccc703a0a3393892600883a1a91a4e38de,0
0x72a68fb6d91ed8dc47b564e088e518c6d4a6ff44,0
0x59b8d11d50ab6615f9cd430743baf646fb8966c6,0
0x239de3a0d6ca5f21601f83327ea2174225eb7156,0
0x807a3ef8a8dbdd7fc9863df695bbe8691e450e8e,0
0xf728b0abdd7f796a79c3de6af7b7819418be20be,0
0xf7e983781609012307f2514f63d526d83d24f466,0
0x5b9e8728e316bbeb692d22daaab74f6cbf2c4691,0
0x8a6aa2091c68287d4c37e486e89850fd0e79633f,0
0xe7142edb1f51750a0b1d817c3abb95979bea9aa0,0
0x9b0f6a5a667cb92af0cd15dbe90e764e32f69e77,0
0xec94d178d97bac527fdcd4b3d4bf41b57d640c5b,0
0x2414bd872e9289c085b83742a611175203d68466,0
0xb022566fc79552898c4b703cc32d4547b5590633,0
0x28a40acf39b1d3c932f42dd8068ad00a5ad6448f,0
0x8f951903c9360345b4e1b536c7f5ae8f88a64e79,0
0x3b1c6004e43bf49c521eb382dec02e6c3ff5272a,0
0x01b6f09b54d246670627a009a7dc85bd54354eed,0
0xc03281af336e2c25b41ff893a0e6ce1a932b23af,0
0xed7da010027967365e0a7c370c1dde2f9fe4477f,0
0x7e2fe61afc64ca49a8ee24abf6edda165962a21e,0
0xde88ec7b6ac36ed99865098bebbc7756b00aed6f,0
0xb0ceaa9cc523332cbef9fc606221cc0bc2d0872d,0
0x7a83db2d2737c240c77c7c5d8be8c2ad68f6ff23,0
0x868326efca6e89f75a76d141167759f1ad10854c,0
0x0851185501ba44e84fd8af13ade44846f00890b7,0
0x3339ec512996fcdfacae2fbe941b6820f2c4e8b2,0
0xb2f7eb1f2c37645be61d73953035360e768d81e6,0
0x9a4fe70bb7b39127f4772acaf0d000578644b39d,0
0xf6fe061efa2a8e15936696baf5e8cba8c3f3485b,0
0x9f8bf604abeb04d32b0ffae9c3a083be5858cf96,0
0xfaf4a5fbf621b049215c19a73babd0b94fd9155f,0
0xe736091fc36f1ad476f5e4e03e4425940822d3ba,0
0xb9132c68dd9f8b35334ceb2171c6b9fc09fc9233,0
0x91bc206f0a1ffbc399b4a20a41324ed1dad2b718,0
0xa15c784319fa96d3e36cfe97fbadd89ec704a8dc,0
0x58bf7df57d9da7113c4ccb49d8463d4908c735cb,0
0x075a5d77e17502aba0388746aa229bb33682f521,0
0x5936d34a49aaa7bbaeffba2cf7f7c191bd96477d,0
0xf19c536ab792f173b7ee62d9ccc51f4ed6180773,0
0xd6a81d7a8b4d1cc947138d9e4aca5d3cde33a170,0
0xdaff1f98299b12d475b4725a2635e5ba291aa651,0
0xb939ef33629bba211688724e401d4f6400c0ee6a,0
0xfa05a73ffe78ef8f1a739473e462c54bae6567d9,0
0xb5766f61911f8b520b0e938aae100834aa3048c6,0
0xd1dd82d1ded8f40c200b89455050e9c18d918504,0
0x397b059f4a3d9a5307ff2b2f8c5c01d1bf316217,0
0x17683235257f2089e3e4acc9497f25386a529507,0
0x87b0de512502f3e86fd22654b72a640c8e0f59cc,0
0x0429047892b8a903c0b4fbbd26e85d288f7af958,0
0x230cacd4242bdb5b9f7178eb1db0ad109ec76ca0,0
0xe64287516518eda9f7092a0626cba00baf21a301,0
0xc58d783e39aabe61a4bce8d4b5e7264e67c92c27,0
0x22cdaa7b4460a046f0cc9878a4f79fdc2f187316,0
0x1ce7ae555139c5ef5a57cc8d814a867ee6ee33d8,0
0xbcff2d15c698d3874bc29aa170c89fd7a6146a4b,0
0x1e143b2588705dfea63a17f2032ca123df995ce0,0
0xa74476443119a942de498590fe1f2454d7d4ac0d,0
0xa419515d1a8393af96618a69ac4a06911f7dab6b,0
0x323eb855d59f07db88c9ce18ec08939c7c45828b,0
0x660b612ec57754d949ac1a09d0c2937a010dee05,0
0x89d64bc7e46bdc49a89652ae9bb167418cbad62e,0
0x4b19f307dda1be6bc17c999bc29e24633155c990,0
0xd566fa4a696eac66f749f7fe999d6673fee2026c,0
0xe9958afac6a3e16d32d3cb62a82f84d3c43c8012,0
0x273930d21e01ee25e4c219b63259d214872220a2,0
0x22ebab2fba4a1648aa8a0bdaea975738a7810e24,0
0x47f383f5acbacc18a3d9ff6f7af8b49bfed27c61,0
0xc91c786929e86189ce1b4ab5a4ed9d892b8303d9,0
0xbdb0b3f3b4c154f55006ba428790dcb19391a7e8,0
0x1ebd04228ae2900ccad55193233492ddc3b09de9,0
0xb9aac097f4dadcd6f06761eb470346415ef28d5a,0
0x5c40ef6f527f4fba68368774e6130ce6515123f2,0
0xfbca29854b821ff37e504578312459286082010d,0
0x5b5750f5a140f4780ef59e33597e073d4a8d3adb,0
0xf3763c30dd6986b53402d41a8552b8f7f6a6089b,0
0x28c424094a5452117078a4fc5cd09bf03ac40b95,0
0x17fd666fa0784885fa1afec8ac624d9b7e72b752,0
0x68623fdf159dbdb7d1547d3050821ce57448aa47,0
0x7e72cf5b37c7ff414e886192cfa6eca8ae128ecc,0
0x1d0dcc8d8bcafa8e8502beaeef6cbd49d3affcdc,0
0x1a8cc57f1155d7df4626978401e203e00da097f7,0
0x1b68c6d4a3b27aa43619750bf9d7578fd29ee6fe,0
0xb9e0fc2a1c9d567af555e07e72f27e686f2c6872,0
0xca53e73938b5a3c484331b50d9f67aa7c878ac76,0
0x9697c90f963486409ae57c13db9c74c5cae3fb29,0
0xfabe292d8019bfa02e5fead2c78ef71a1bf35ce8,0
0x8c959f04ea4a9111a49dc34df9de59ca8e23037c,0
0xe86c6b6c21de28da056e609bda3409ac60028e40,0
0x9e611784170b297091de56eb50162548d9b54d87,0
0x437cf0bf53634e3dfa5e3eaff3104004d50fb532,0
0xb56c725467c7eec851b1a4a4222d930932b04e89,0
0x09d4b4014db27ddfbc73393af4f0a8f444e539ea,0
0x34912f042fb126fb9ea2a72ed1116a8d33d12487,0
0x7698392fff47d8d4cee21295ad1f31b6ced9ad66,0
0xa3d4d7df3988d48c48728787cb5910a8a4cc4d26,0
0x8d790f3989b6d24f38beb978c1c813d608bb0c81,0
0x21c04ea21791cc35c17a0d33b083a8dcde04cc0b,0
0x4fd997ed7c10dbd04e95d3730cd77d79513076f2,0
0x19076bd01e86fa3d76334e27d4b8e6789688a42d,0
0x18a672e11d637fffadccc99b152f4895da069601,0
0x6dfaa563d04a77aff4c4ad2b17cf4c64d2983dc8,0
0xb33812b316e0c454039a3b48d09dfe97d11683cc,0
0xbe7507c3ae554c85beda48310f014c4c15d9c338,0
0xce3b5ffca16fff926c890f0885a3e90ceb89db0a,0
0x73dd069c299a5d691e9836243bcaec9c8c1d8734,0
0x2ecae89ebd1dde40e39d04f515e1f8e64ab939bd,0
0x0f33bb20a282a7649c7b3aff644f084a9348e933,0
0x7e8f32453fba5c9c4926d26b34e985f36e0dce1d,0
0xb57d88c2f70150cb688da7b1d749f1b1b4d72f4c,0
0xd43cbd8a74535327a8a196ea36cd44fc799ca289,0
0x4dc868d79611c2bdca51dee62873eb3a31423b47,0
0x1776e1f26f98b1a5df9cd347953a26dd3cb46671,0
0xf74503c8d80b145d622c8f97a7ed322cbff23d61,0
0xd934ee44c22fe8cf0f43bf66620b3001d9172904,0
0x459f7854776ed005b6ec63a88f834fdab0b6993e,0
0xfd2dfa00ba5941958eaec567e59b42c2aa9dbf70,0
0x3ad14db4e5a658d8d20f8836deabe9d5286f79e1,0
0x58dd96aa829353032a21c95733ce484b949b2849,0
0xaae10c1223df062e2df6982a80621977fa8b2d34,0
0x2dbe0f03f1dddbdbc87557e86df3878ae25af855,0
0xd7f82e36ef04c9543ce18e6d1072354a1b9d629c,0
0x08fd34559f2ed8585d3810b4d96ab8a05c9f97c5,0
0x2f50ab197f950e0c2184cf5d804f4141502cd987,0
0xdb2c47230ff7bd408bd9b07ef6dd58f331e24a3f,0
0x33720000b3b3bd4b631b76f85049306be257ddc7,0
0x1eb0d4794d4067ed004c9d55ff6eb50620b27c58,0
0xa1916efb6f9ff61196050a3bcd5c391643334145,0
0x221ea1b119b4aa2c6b4e2282ab0b621b1f54cf61,0
0x6067f3fe6e565f515c2c43b84582e1acc618c521,0
0xc86414354c06dc8ba428a08bcc589c72c2805959,0
0xf230b790e05390fc8295f4d3f60332c93bed42e2,0
0x24c613bac796c04bfd0647d75d836cf28d0940ee,0
0x15dbdb25f870f21eaf9105e68e249e0426dae916,0
0x390365cef67dae207db323496d24f643dd3ae581,0
0x925b8c327d0065827977d08f8009dba33ad9f450,0
0x45d147c800d401350b24fc1cd5fbc98040b177c8,0
0x27f706edde3ad952ef647dd67e24e38cd0803dd6,0
0xa9f801f160fe6a866dd3404599350abbcaa95274,0
0xd6a755bce1844ad6b7681118b18f54d63e5c13f9,0
0xfd95392e1ce28a6debff90feb0a28a1392df738b,0
0x28cc60c7c651f3e81e4b85b7a66366df0809870f,0
0xd23abea2946febef30418d19db5e2c93c7abcb1e,0
0x83b5c924b74e0dc12386fa110c28faa1efedb07b,0
0xcabee6c73250495fc7da131ee93b819be294f6e0,0
0x68d44a267aa3c66242adf021d2d4658b6d60dd2c,0
0x30cefbcb5c26a5b19a019092ab8d09f8739c904f,0
0x8355048d74888569ad9f9675ae9b6920f54b9985,0
0x05240da139d30034eaae15737610bfbe68b97910,0
0x017a5d8d82afaa22bc29d75013d6ff3656e90851,0
0x2c39f92294f436c956f12dcd801a3181e77f8851,0
0x7f64e2913511ceb3301f0515548ab7539735182b,0
0xdb9822bb9885d844d1986a8949fce1a4ceb5f8b6,0
0x6f2e48f1f29d1eefc5e512009874e8cf1b1085c7,0
0x6f47980674550d8c8240e6eaf3b594f562adc7a9,0
0x0e68e030c68604840017194d90b535eabe1ea059,0
0x111cc94a5dabdf192c5106fadc844a98b0f56be0,0
0x202e295df742befa5e94e9123149360db9d9f2dc,0
0xf93843fc86afcaa8479a13ad77fd6e6eec79a903,0
0xb57b9206d75c1bb02cb64f97fb5176eae731a62d,0
0x599a4b8188676224d4c9b393b947e332b60b15e3,0
0x83f602311629f84929804b7e00adc67e17eda7fb,0
0x2700b4469ddb14f435e57eca538e95f43d9e6c38,0
0x66230ca3603e071c942f9c1c8824be91c91f3a90,0
0x40a05d4ce308bf600cb275d7a3e9113518f59c54,0
0xc47f25a40e12f7f07fabcc996148d1e1326903d2,0
0x9220d625bd6bea95c865b3c4faf273bfbd6bc48a,0
0x6c0fc347aa0c1bfc3037f06ed09ffd8f5de07259,0
0x4df812f6064def1e5e029f1ca858777cc98d2d81,0
0x71c2683152b632fa1d515a3df067825e2b240216,0
0x21ae23b882a340a22282162086bc98d3e2b73018,0
0x6b3da034ebad473acb93729a7152c672cc0dc6cd,0
0x1a70fe4c8a7ba52fd4b14a207928df42cf9d7daa,0
0x0aecaad227f0c0dbddddef7e9a841d19c61b2724,0
0x59a048d31d72b98dfb10f91a8905aecda7639f13,0
0xc48ff50311a4c019bfe5f7f552eed87af70172b9,0
0x2160e6c0ae8ca7d62fe1f57fc049f8363283ff5f,0
0x536c2622748118a82bc9fb15a450d828966d9761,0
0x6a995491c251aa7d280cf321170e6279dd563058,0
0x39df5af51c47256e5c63b3dae1a21f3da4a58e89,0
0xc81d7e536a613e902799af2c9955b73c94857afc,0
0x2dc588af5eff094401b1f8016e74e7d46d9e7a31,0
0x8365ffcdd7211738cf4c783f31d31f0ef02bd048,0
0xa623bca1460bb9207aa8b4ad00faea3f30f0c549,0
0x911143d946ba5d467bfc476491fdb235fef4d667,0
0x3442bf71687874fbe7cb1bf3b166cc9345b46f17,0
0x5882d49d3511e09096cbbab7e19fbfb82f65f28d,0
0x51053a30e0243653a6c7daf8e87f5764e97685ee,0
0xe8baf9df0ded92c5f28aab97f13936e7716a4a5b,0
0xa38d8109127028d3e1774413ef28db70c471cb54,0
0x98a31890002355fbe5231c60db4b1b6c28f45e90,0
0x5f6a9a1b4587759dcfec19f6c8e207e73ed988b8,0
0xa8ff79ae4d596341915c93dfc26fc3b5bc96b743,0
0xa1c4375fec1a157c11dfebea7ad709fab57f7d3c,0
0x2f5e044ad4adac34c8d8df738fac7743eda1409c,0
0xc8da125b61fe356239321309ca07465d28887778,0
0xcced5b8288086be8c38e23567e684c3740be4d48,0
0x089431f295b58c17c0b1754be2e15d706e990151,0
0x675283432d53531e11ed459c51fb508b7c9585fb,0
0x0c6c78e9d5576818e6638e198bff0ce9764098b1,0
0xa3ce9fa0f6b6649e40bc5146082661d5f0ed5d7a,0
0x9c794584b2f482653937b529647924606446e7f4,0
0xfb6916095ca1df60bb79ce92ce3ea74c37c5d359,0
0x7f37472ee88062acc82f14ccfe6e7bf5f469dd05,0
0x59b8f851e1a433a7ece7c8102aadb8ed2c19727f,0
0xa8f93faee440644f89059a2c88bdc9bf3be5e2ea,0
0x1cce39da85ff2d5ceae92a810447b52df13f9267,0
0xf46ede17c0bab20d87cd079a2632f71433a407b9,0
0x5c84c9dd997e16578e62c9f7557e708db05c1076,0
0xcc88937f325d1c6b97da0afdbb4ca542efa70870,0
0x5dc8108fc79018113a58328f5283b376b83922ef,0
0xa3a07912e74acf57f3362d8b4cda85ce652fc887,0
0x486cf19a550e2814aef970b14e509e93209a0151,0
0x84bfd848717d60e01805b34d38a0d8b1f2bc4e85,0
0x870ed69ed12430c6a3d4abdb30c7eeb1918c62b1,0
0x04830e45762f09853b398d1d03003fda7c978597,0
0x675d3fec99bbdee31b8d562a5f9396c445304016,0
0x68aa3f232da9bdc2343465545794ef3eea5209bd,0
0xf0498f54e449e18de67cc1239ee4007cc2cb9366,0
0x326656615a2751f34cdff5e6b8ac5f64c3a76b36,0
0xf886c9d089103f9af130c857bd58cc56f4b989b7,0
0x4b855725bb816b7e2b3e67bcffe0436b407675ae,0
0xadd553d102761875207c8bca3fd8f3d7d40df1dc,0
0x49edf201c1e139282643d5e7c6fb0c7219ad1db7,0
0x013fbaed9c80cc4422ff50d71f4dc622bc7c8ae2,0
0x71fbecb11e291f824fd5dc9e760f56a5239e4702,0
0xf0f31a0a83fc0d83177834bbdce23f9fb2639818,0
0xace62f87abe9f4ee9fd6e115d91548df24ca0943,0
0x0af5f9a338870073707939b39a0ea3ebc0bad00b,0
0x9cc3afa655fbdd796b60c171c5abe2be5306599d,0
0xf9a5e0436c01cc15708449e480fa5f2d6a5b55ca,0
0x12157fe711f63a68a6bf623c9544a3f61c67946f,0
0x49516fe7bdc54b29a7f95ff55fdd38d9228e55af,0
0x701c244b988a513c945973defa05de933b23fe1d,0
0xdab0c31bf34c897fb0fe90d12ec9401caf5c36ec,0
0x39173925e7c7a07dc7a6afbf1dffd0179de18c27,0
0xd361e374be9e3907fceac60c6ea5cbdce89fc9ae,0
0xe0b7927c4af23765cb51314a0e0521a9645f0e2a,0
0xd4160356a4e81f008b86f9867e71d1e1404c5292,0
0x00674045bb7c17f0aa1cde34780d6c51af548728,0
0xe7e01babb53c98f8d84d05dfff64ebb63ed37bf5,0
0x91a57b2f6fa86b373bce5716eb26c81cbb004223,0
0x1e797ce986c3cff4472f7d38d5c4aba55dfefe40,0
0xbf29685856fae1e228878dfb35b280c0adcc3b05,0
0x231c7510f24d1c8b9578558bcb7fa6c659b4ca98,0
0x05aac45d288ca22b4a207fe35c6ca422546ae16e,0
0x961e593b36920a767dad75f9fda07723231d9b77,0
0x1f36f2249ec89266ad4ee4351538148aaebc72e8,0
0xdcf59ee4803931a376a0fb6244036e49ebc7dd61,0
0x5c37a208408c5adbb5ed0d29cfd4ad341ca708df,0
0x9ffe3a0864cce4995a6b385b99de3644cc8d2483,0
0x193ff455560318fc749e2ffbb0e6472e5192e427,0
0xb671c3883307cf05bb3dff77a9754e87b4347195,0
0x8c1a31a6e954f989a06fcee1067d426d70891ce9,0
0xf9d3402066e3a483f4ca7abfa78dec61635e561f,0
0x887834d3b8d450b6bab109c252df3da286d73ce4,0
0xd3fa03c67cfba062325cb6f4f4b5c1e642f1cffe,0
0x18d70bd7bdfa7e424271fe25b527ee0250db5c90,0
0xf0186279adcb58b001862bb8df0bd69713b0cdb4,0
0xef68e7c694f40c8202821edf525de3782458639f,0
0xb5fe93ccfec708145d6278b0c71ce60aa75ef925,0
0xc330c1a3c7db9c75f60aed0a9b7c0fc5fa22d5a2,0
0x0abdace70d3790235af448c88547603b945604ea,0
0xe4c94d45f7aef7018a5d66f44af780ec6023378e,0
0x90528aeb3a2b736b780fd1b6c478bb7e1d643170,0
0x6022c6c5de7c4ab22b070c36c3d5763669777f68,0
0x60cd862c9c687a9de49aecdc3a99b74a4fc54ab6,0
0xcebbfe09bab5493714a42de8c3a58fd385ce9c03,0
0x0e412af67f6c41e9209da8b8638d65bb883ddf5a,0
0x4038e930ad78c53dc885a6b3a7d9db0d317c8662,0
0xc2752063c9a01a3a0a11c84dd5a463373f133cfe,0
0xd8912c10681d8b21fd3742244f44658dba12264e,0
0xcd619ad647357868dd5987b0ce4886bf61cfac32,0
0x362bb67f7fdbdd0dbba4bce16da6a284cf484ed6,0
0x31919e139a2688da420ef73195b7751951058384,0
0xbe56093286038885733a66e554dd43a22a45889f,0
0x6b922dd2243de553ce56857d70c9d7622c70aef6,0
0x0850fd76fa34a1009e31a689b45aee9d3c71b121,0
0xb39a89322379ed7d91dc2e8ae1b30989eaf91d41,0
0x2dd78551c49d739c4a0ae80e4f863e74be39e1cb,0
0xc2c63f23ec5e97efbd7565df9ec764fdc7d4e91d,0
0xab407a06a1e77c033e1d5f21a2045789b204fd51,0
0xfdfd8a46146bcc7b12bcee778c4562937849181f,0
0x664a2f27c4b6a778c5fac601ba2afc1d4d1adca4,0
0x422adcf787e49dd93ce10a583655c212e00d42ce,0
0x25db0f59bf166c49d1f859c9cb5928cbbf685981,0
0x373c55c277b866a69dc047cad488154ab9759466,0
0x744d70fdbe2ba4cf95131626614a1763df805b9e,0
0xc1e4888069452687eaf2acc36f58b2a869412030,0
0x6ba91780977db9ce9100a8492de162441d875f47,0
0x3b2150afd63266f46fbebbea4964d3b8c69b27eb,0
0xaaa6c933006e4d4b9a305015a69eed3d177fd355,0
0xe2e4d0d3410cd3e81bfcb7dad364dd168bb499f3,0
0x709c7134053510fce03b464982eab6e3d89728a5,0
0xac2e5be23611c685676cb8e824303030cdb97fbb,0
0x5ac0197c944c961f58bb02f3d0df58a74fdc15b6,0
0x3ab1d534bb477f516817efaaf0b569f419b8e292,0
0xc8e3aa7718cf72f927b845d834be0b93c66b34e1,0
0xf333b2ace992ac2bbd8798bf57bc65a06184afba,0
0xd72ead482b15197b99f74d846e8180d7f33670df,0
0xcaffa1d66eae19887319ab9aeca5bd9aeb9d2dde,0
0xd1dd24d4bcba675ee2c2d7ed841a2d63ed9654a2,0
0xd8d4e59fabb7d8a1d013d577689cb612a8e5f826,0
0x55d34b686aa8c04921397c5807db9ecedba00a4c,0
0xf8094e15c897518b5ac5287d7070ca5850efc6ff,0
0x78c6b7f1f5259406be3bc73eca1eaa859471b9f3,0
0x98ee18d7a1f7510b78b36f5a16471c7cd0c1c531,0
0xe0cfa488bb6442d39a4abf844d5876f209f03871,0
0x9cfce10368a46daabc90fc125dbed71e426bb608,0
0x974973d316be10725444ef4f6e3bf1eb5e9f6678,0
0x30b82a61e9c7ecca057f8dd42e67c628d7e1b823,0
0x510467f65a600926af2ed565419ad98cf1f706ed,0
0x60f52581489e879df02d86f956bd8c634f6f4db9,0
0x2956356cd2a2bf3202f771f50d3d14a367b48070,0
0x6ce8b8eed077f9b49c1fa684008ebb7562bb41ad,0
0x226bb599a12c826476e3a771454697ea52e9e220,0
0xee1a0710fcc892999d39a1710f2c16dba1f28ae6,0
0x8316b95945abdbc15fb7736c1620e9904cd1d9e5,0
0xb62ef4c58f3997424b0cceab28811633201706bc,0
0x1442a8fd038e0253ab07fd0e6aa70413d961f315,0
0xb2f6ebe8e606e7b18c78b19a3c5969618fa599da,0
0x443dcadf55a41d7caf347b4d925041065fec66f6,0
0xf05a9382a4c3f29e2784502754293d88b835109c,0
0xc3142db870ce470122f7d2d4d8d76ae5dda51dda,0
0xaaab2ec23dd5dd9602e631b8399fa94c9d134b3a,0
0xc96eec418b50c538c3f3e32e71575da068a97401,0
0x98ca85c59dee34dbc26667eac04f13e39f5f765a,0
0x5b5d8a8a732a3c73ff0fb6980880ef399ecaf72e,0
0x50bb21befa6c04f0c81a44edaea5f11d069791f8,0
0x5a5eff38da95b0d58b6c616f2699168b480953c9,0
0x4bbdeadf8334e8a85d3e22ec090af74c3a673118,0
0x574fb6d9d090042a04d0d12a4e87217f8303a5ca,0
0xc39d73fca64d4ffe2c78fb17e61b9c8489f7c5fb,0
0xd48e165b0027e8055b3b7016a35078b23527a95d,0
0x097bdd12c9544d6205f36e9b01640567afed2259,0
0xd87c91884f5796e7b0a7ee8cc5d40ad6c63f289d,0
0xaf30d2a7e90d7dc361c8c4585e9bb7d2f6f15bc7,0
0x5f742383b6d1298980030d6af943b76cdd902143,0
0xea30d20bd3a5b57c1fc8beb81adc1f3d93dbab71,0
0xda2cf810c5718135247628689d84f94c61b41d6a,0
0xae42990ad29747c9ab0c16098b8c5393e53c6abe,0
0x0f64db5a527850b8fc8025f9c49adb734fdf43ed,0
0xdd8c6e99e8641ed9946e2b4de524e335a9840321,0
0x4c13184721de2d1b47a8875775ba3ce0b2e00ee0,0
0x2df8286c9396f52e17dfee75d2e41e52609cf897,0
0x0961375ed779fe16435d5d430da00a5bac527e46,0
0x9501bfc48897dceeadf73113ef635d2ff7ee4b97,0
0xcafe1a77e84698c83ca8931f54a755176ef75f2c,0
0xf8eb1928b7b247e5ab607785afe869d7daf78a6f,0
0x4355fc160f74328f9b383df2ec589bb3dfd82ba0,0
0x5f939a81b13b5490a66a3b58fde465ff2ab8684e,0
0x6fc21092da55b392b045ed78f4732bff3c580e2c,0
0x6745dde69632ea1820ad6781d0a49b9670472837,0
0x66d58f0a2a44742688843ceb8c0fa8d8567e3c54,0
0x168521b94eb0ca6f9aea34a735c53bcff79abdaf,0
0x97ee19d8c8b2d607af236d8beddf9f45aca99585,0
0xe8ff5c9c75deb346acac493c463c8950be03dfba,0
0xae89c8d6b98432df28242899b3688cc8e3d45ea3,0
0xbf35faa9c265baf50c9cff8c389c363b05753275,0
0x85bc00724203d53536072b000c44a2cc16cd12c5,0
0xaf7aea249098f2c2f50cc11d4000ccf798194373,0
0x5f0281910af44bfb5fc7e86a404d0304b0e042f1,0
0xd0d9e2d407b726994b202a434e01e714b832153e,0
0x33a683a7af55942220e4efec514da11b5dc47996,0
0xc1d845de55dd6c88da2098a6be7042769bf29574,0
0xe4d29b6d8b1b095f1e214106cf9111c4840e8ad1,0
0xff1f9c77a0f1fd8f48cfeee58b714ca03420ddac,0
0x9259b4e90c5980ad2cb16d685254c859f5eddde5,0
0xddb02d5917faacae0ac80cb91ca7f47fa84a55a0,0
0xdd5d965b26e1d11f7933797b465fa95c89c368f5,0
0x0e08f0daee46e772eee7999c5b6d7d0401d8d72b,0
0x2ca72c9699b92b47272c9716c664cad6167c80b0,0
0xc2d346915414047795418b16694ca0b3f01251a6,0
0x5cb5f46a655c02889172323760d12d0e5d83cdaf,0
0xffe69f1c1d9fe3a6a345a86f7dcfa5bf71adc13d,0
0xda4a4626d3e16e094de3225a751aab7128e96526,0
0xee3dfe33e53deb5256f31f63a59cffd14c94019d,0
0x61dc161b06088b9cbaad53391134929a83d1eb7a,0
0x479bed65685b0672ec2ff8b0a8fbe06b4ce0a710,0
0x6090a6e47849629b7245dfa1ca21d94cd15878ef,0
0x8fbbffe883bd8958b5324a9dba3987b4b2271379,0
0x6d85320c086aee2ecd2693855fb2164c494fd251,0
0xf04d145dd24e05e6ac9149302b62970769795fba,0
0x2a4157ac5c71b27c954f2e2ee899c02ee6a3e31e,0
0xae0680c49df146e18b2bc19635e5e402494b5d67,0
0x83cfd2d33bb9ed552a1e4b6af1bc3ea73bdee4f0,0
0x954878c70dbbd09dba501efca4c6b6e1f70067a3,0
0x57ccee9100daa272b962c48543460a8e3ac6f674,0
0x9a134ce4bbd8c7b3a262774fafd60b7f7ce3655b,0
0x44e7786a9dd083ad147cec72cb3a5ef6b7b3f91f,0
0xf4cae4aec9b4d7682f8cee4d9a273ba063e71366,0
0xf77cead5b85f379aa7b9031a842ccd903d7966a7,0
0x97282a7a15f9beadc854e8793aae43b089f14b4e,0
0x40f4991411ac5377675c421e87378e10470134a3,0
0x90fc38eb9592940e6d5bae221313d749ee26369b,0
0x155999f23ba40f22b24863d9c21cd8b9ab192cc9,0
0x812ade7bc90c34e8b2ca92590e525305c85f2d03,0
0xdda65daa223aaae4add64e4e390cda7101c4ab41,0
0x5158cf97c3e001b402ccb0f9063736ee8d6dad5a,0
0x57e7d2eb31a54f3d661de5a29114ff16f1295991,0
0xde5ebd0b8879b0a42b23b37e4d76a5e21a0bef4b,0
0x5e0eb5b79aa53d71f338aa147dbdef42860c1188,0
0x41de5b7cf63c8d028daa2626d9aeaf02cad8c6c3,0
0x4b667a378c1d9b2134cc4fa02d9cfba2cc2b11d4,0
0x5980d3848e49d490afdb3f6b6d564104248ada4d,0
0x88af078337afde014574dbc6027a1db75d629b76,0
0x0587eb954974000cc6588de6702b3beaeb0215f4,0
0x23cb17d7d079518dbff4febb6efcc0de58d8c984,0
0xba2184520a1cc49a6159c57e61e1844e085615b6,0
0x96a65609a7b84e8842732deb08f56c3e21ac6f8a,0
0x6a3dcd2ad3c693aa8cbc3e5bcb075b674209a033,0
0xaf2b8e6114da000176c506f77b173251c16b511d,0
0x6cafdc06177f6f4b4b4638c987397b07cd948aed,0
0x02b97cca6d6a5227e464b2a60ee1a580ea4f7da9,0
0xc8d9890df1ff2e87be05e9edab3cca26f054b611,0
0x0f82c7eab8f7efb577a2de9d2b7e1da1d0b6870e,0
0x1b4fb4d0bcb3e80d9314b866aaf15c84eb0f1234,0
0x7f0fd8fa402d56dca1f4baa9bf3880721c274d53,0
0x69e5da6904f73dfa845648e1991ad1dcc780f874,0
0x863df6bfa4469f3ead0be8f9f2aae51c91a907b4,0
0x50739060a2c32dc076e507ae1a893aab28ecfe68,0
0x50f54ed2cafd4b7245e60557a6b56d9ac9193025,0
0xbb9bc244d798123fde783fcc1c72d3bb8c189413,0
0x95408930d6323ac7aa69e6c2cbfe58774d565fa8,0
0x2df0e612dad9ffe8141b3987f60608742db2feca,0
0x1e2fbe6be9eb39fc894d38be976111f332172d83,0
0x1bb28e79f2482df6bf60efc7a33365703bcf1536,0
0x9b60874d7bc4e4fbdd142e0f5a12002e4f7715a6,0
0x2a749bac8b1d129038a739fa7cf52d476e9f7845,0
0xd42433a8a0a1ceb73c8ff4e432463e2ee109039d,0
0xb47e3cd837ddf8e4c57f05d70ab865de6e193bbb,0
0x44ad644576eeebffcd9ad89728d2a6c415cf8fb5,0
0x422866a8f0b032c5cf1dfbdef31a20f4509562b0,0
0x8effd494eb698cc399af6231fccd39e08fd20b15,0
0xbc1ab7f58a95cf307ba5ee18cf06b7ed0120da7a,0
0x70c4eea814bee9b74cafeca0200991bb0d8a4320,0
0xeb17adcc8cf24d2d6813f50f647b613df01014a2,0
0x6238f8b237d81e0a37d32c5765008b51338a5d3d,0
0xb57acd47240599d0c68f14892dd05441af67e2d3,0
0xb8c77482e45f1f44de1745f52c74426c631bdd52,0
0x37b4869e73b7ce1284d6502b01ac81d500b50237,0
0x801aa94f6b13ddf90447827eb905d7591b12ec79,0
0x1bebbc372772817d5d11a06ee2a4eba33ab6ee65,0
0xfb7c9bd2045cd9129839a70c67aabb0925b1fbe8,0
0xcd3e727275bc2f511822dc9a26bd7b0bbf161784,0
0xb6db69e99f7e3ccb352fabde7d98a8fae0de4297,0
0x49fddeae0b521dab8d0c4b77e7161094f971320d,0
0x54bda709fed875224eae569bb6817d96ef7ed9ad,0
0xa2f44d258b1714463099205eeedbee2337b120b5,0
0xce5c603c78d047ef43032e96b5b785324f753a4f,0
0x1ad89cda3532ad4179accda58917bd7bb632b290,0
0xe41d2489571d322189246dafa5ebde1f4699f498,0
0x92033cc5d60de8fc01e7d4125713e05194989e1e,0
0x0aaf8865a6cbf417e7ad51fe71fe60f1a0c192f8,0
0x61f9d1ce56ac1623fed4e949d7d420251fef0896,0
0x77d7536eb289f61c47c728142bda4da54ca9c71f,0
0xe34f4bd4b05e0a40295daf48c2562c377338ea05,0
0x001a589dda0d6be37632925eaf1256986b2c6ad0,0
0xa01d9bafa60fbd1967bacf74b76c7e464d0f7c92,0
0x089a6d83282fb8988a656189f1e7a73fa6c1cac2,0
0xbf28e50143ca1f25c7e2887b1d5cd47ec5dccd17,0
0x6ba6f2207e343923ba692e5cae646fb0f566db8d,0
0xb8d24ac55866236b2c7b8fb046ca110d488fba02,0
0x7b52427cec68182c74d0b5f9dec57ddd8f727de9,0
0x8182d0eef9f71bf38875e22f2c353195d80506d2,0
0x6ccb56947ea1d6efdc81acfbacd8263ddfa9b202,0
0x8d18fee3552179082064abc5ef0b97c529a616b0,0
0xd3e74ac8ecb37649488e6c918452e04e51eccf19,0
0x7199c3fbc0832e8798d2514eeaa88f0ce597698d,0
0x160fc84c8c5d46561b01d38eb7d44671f3eed4ca,0
0x7ee41a4c66e92fe28abd5bde30ad644a2dc8b15f,0
0x34abcc1fdedb49c953445c11a71e428d719ba8d9,0
0x0a630de26e5b41eaef08741e74da4018a6c2e14c,0
0x3686986e559f257cfaccb44f17af5b245e45814f,0
0x08d698358b31ca6926e329879db9525504802abf,0
0x0a9b9d976de8e09f0b57d1d7f344abe77925145c,0
0x1da022710df5002339274aadee8d58218e9d6ab5,0
0x741fc999f5b62c80831cf659aed04c64ac8ef24e,0
0xb4a8f835833f890cda849ade2e1fcd6575cb16e4,0
0x646cec6ee42d258336165cbbd5deb4af14f0f476,0
0xdf748e0b0ae2dcbc23ae035d74fc39fb0d065b98,0
0x70396c561849d1ed656c6e0d2a04b83131c0c645,0
0x9dc69490ec0d558f8f62b6d0ad64611b621a026e,0
0x59de38752b22c13cb45da2105cd769e57ff615a8,0
0xd556caf704e39fc728058557a113b226207d2212,0
0x2f490751589db68f3c406bf9c14c95ec7fa26840,0
0xaef2dd253116e83325ea3dd392c46f1322b53659,0
0x2fdfdc48b4ca0021e4c629f137d151b5910e6cd0,0
0xb6c0ddc7df76e37e1292a79f77cebf2ed65f5cb8,0
0x480a53482a6bb981c73473fdce1284dfe9bdf839,0
0x6f28b146804dba2d6f944c03528a8fdbc673df2c,0
0x0bb3b818a83cfd8c1c86082a4ce191188ebd8f12,0
0x0b4940b7b951ae6319d9f540cda0b85753ef7cd8,0
0x29e18b82f99f9f485b2f4f0ad13d343e62a1454c,0
0xed19698c0abde8635413ae7ad7224df6ee30bf22,0
0xa66d83716c7cfe425b44d0f7ef92de263468fb3d,0
0x82df5022fbcfdd877830371d7713f0181a554c9c,0
0xe642b6f79041c60d8447679b3a499f18d8b03b81,0
0x283a97af867165169aece0b2e963b9f0fc7e5b8c,0
0x7aef44e5e6930f8799559afb046ccd8692044f86,0
0x3474627d4f63a678266bc17171d87f8570936622,0
0x0e9e062d7e60c8a6a406488631dae1c5f6db0e7d,0
0x9719b7df211eca65b7b6509698eed98bc9112ca8,0
0x53ce47cbe7f2be0aecd086a70182a98c907d024d,0
0x09133d5acff2353d3860f1dc455589a941cf5ebd,0
0xc816463eb290e47ff512c04121142d1d85a3cdc2,0
0x82665764ea0b58157e1e5e9bab32f68c76ec0cdf,0
0xe94b04a0fed112f3664e45adb2b8915693dd5ff3,0
0xfbf8ecb34acbc2c4d2d4cdc645c9a76efcbe2cff,0
0xbad661c5a1970342ade69857689738b6c8d9da51,0
0xaf522608bf9355345bb1fed33219ee4623b9b81f,0
0xf4f5683bc45bb1b3a3c61bb458006682d29d08a5,0
0x3d3ed0a4f0af930955806b34367e7c64a0e1c84a,0
0xa1f87895550eac6a8e9e4318466f482612a5986d,0
0x170c9d5638a504a271912a374a27c85a88ed2be9,0
0x146e59f69a68b645367bdc94f3855df0d8214f4d,0
0xa723606e907bf84215d5785ea7f6cd93a0fbd121,0
0x480ec0cd951e42c626cf8db18e5ed99da076e074,0
0x587d6669a2743a1d6094f150006f56f85b5aade3,0
0x3fccb426c33b1ae067115390354b968592348d05,0
0x2584f892a2e50b5493ed108fa61888ba373ec02d,0
0xe8a51be86ad96447d45ddeddc55013f25157688c,0
0x91c94bee75786fbbfdcfefba1102b68f48a002f4,0
0x1142e1f922cde42756741b4e16ddc5a87ee94b3d,0
0x7ed58877581d07bb4238a8b4d341e54c609b73c2,0
0xd939cdb6b110c96b1758adab5cab1e836ddbdd2b,0
0xcf3dbc9dcaeb6936b8cefbf9f81b655651a92485,0
0xe18c9465e6ed5cb3c58a316b990e0d17fb946eca,0
0x4f529990b7f3d1fb4152736155e431c96fd86294,0
0x456c4350eefd17315713b265d8be8b6063a5fab8,0
0xdd98b423dc61a756e1070de151b1485425505954,0
0xcc97ebb7c5a7d97db32fb23a23fe516575c5e10a,0
0xf55acf113cb1628f27b23d61fe6df12f43294694,0
0xb5b8749355b89bcb04dd70001cea1b98a81ffe61,0
0x636740e327726fa05f720b10ec2d71e0cd4ae2a4,0
0x748defc02aa6221ae4db129bbe7e6a97537a6f45,0
0x56705bc85a98853ee2df3834d2b3079cdfed87d8,0
0xbaeb0499524ebdcaf4367ef940fa9ebc845b4e4d,0
0xdf9e97970c953ff6730b155845fb7bbd5ae72abf,0
0xb6346b0cf3925b8758b5d98cd19703d2c5239e99,0
0x86c93259896b20e45262dac7499a83a2cad23fe0,0
0x8f3d6447a647ecf3c185ecbb165d2e6c41fad547,0
0xe3818504c1b32bf1557b16c238b2e01fd3149c17,0
0x55ae5792903b179915e10065e26610435832a3f7,0
0xbf280a05a1aa9360fee28b61ba0b01abbf16ba49,0
0x48ee772b8c8927d8d32afc8961fbc177fb723637,0
0x4994e81897a920c0fea235eb8cedeed3c6fff697,0
0xe5d0c3fea1e5f01ca4098e9580b93b3b5d0ea768,0
0x48a6c4e778017d05916f56a227d5797c12652c21,0
0x6a6581a884c4729586479307e5694bf836617517,0
0xf41624c6465e57a0dca498ef0b62f07cbaab09ca,0
0x12f8c63034aac487396b70db04aba5c84ded1886,0
0xa4f546b43c6338e20f544b2827d8ee099b389f02,0
0x3f2d17ed39876c0864d321d8a533ba8080273ede,0
0xebbcdc146b536557782acb9f7869627ad92fb5aa,0
0xa0ece74981af3ed84d4659fe1f469e7c47e5ed33,0
0x600e18779b6ac789b95a12c30b5863e842f4ae1d,0
0xccadc21564e5c44032b7f44494de425c1066219c,0
0xb222e54b336bf4834953eac0a5bd0c1aae2079e9,0
0x729d11fd8ee835a165a6824362bebac8a7831aea,0
0x8b9c35c79af5319c70dd9a3e3850f368822ed64e,0
0x55c44fbad82686afb0ca41cefb8d086cb937b2e6,0
0x93c255e46db48ff3c5937d0b7c3ff0495216c394,0
0x683c53084d997e6056c555f85f031f8317e26c2b,0
0xbf4ed7b27f1d666546e30d74d50d173d20bca754,0
0xdd8a7295d2ea1a9d492631b8e8e3d36ec83123db,0
0x5a8b20e070e82b4e3fb97ecbd71b587a74f2ecc1,0
0xef80158b7db893e74fac82fe32415d9420e60ffd,0
0xbee149d5cef48724918836c48f2749a5c5f75f8c,0
0x1d9e61248f88dc60889bb269fcf2244827f3a682,0
0x8dc46946d5e56a780ee21ee6029af675a46e39bf,0
0x8ba49452e12449240425de9895b1aa51f5f3b90d,0
0xd70994d7020df8052a1124561ff548f3b88744d8,0
0x9899af5aa1efa90921d686212c87e70f4fbea035,0
0x096133503887a77e524f2690ba6aae2fa66b032c,0
0x488872fb7c7dbe61018e7a65f88aa4b239649d62,0
0x336e296a9f021e459d20d2c249990ebc4f6b4a56,0
0x44f2f79343ac7244c09e0189df05588524a86515,0
0x833882e76f4967b9b18f52d70640bfcc82aa91e9,0
0x41643089590c305b56521b06563954447019f5e6,0
0x3da71558a40f63b960196cc0679847ff50fad22b,0
0x0ccb03cb1a89808209eaebbcb059ed05e44cb9cf,0
0x1103849f41222a4c348515331f0e734d4bd9ad34,0
0x015a06a433353f8db634df4eddf0c109882a15ab,0
0x60aa80fe41b43c180870a137c7a87334e5c3cb5d,0
0x9828f591b21ee4ad4fd803fc7339588cb83a6b84,0
0x29b0de42b6495d48ec80126eb78591a756aac001,0
0xc16ba0bf101682e0e7fcbd0b7bc160a8e2e59471,0
0xeb927a56588d17d551e72ef0a2be460a4ddb7060,0
0xe709c6c933bda30963274d5bdd1e556c655c59fe,0
0x5e954deb1ec021c93a2a484e32e741f233ef6c02,0
0xc8c6a31a4a806d3710a7b38b7b296d2fabccdba8,0
0x58978e8caccf56fadaa80ef52f5c684045306839,0
0x7288c72af505e3a6ff2712699e2a695465d353b3,0
0x1ca4a86bba124426507d1ef67ad271cc5a02820a,0
0x8d12a197cb00d4747a1fe03395095ce2a5cc6819,0
0x3039d0a94d51c67a4f35e742b571874e53467804,0
0xc98c7b13b2577be006b4bf04418a115d43b1489e,0
0xea6278dbbe7cbb567e9e825d998c05432f0bdcf3,0
0x0d8775f648430679a709e98d2b0cb6250d2887ef,0
0xa7d625031fa8f6b975cf6281eeab974b2e8e2029,0
0xa65d59708838581520511d98fb8b5d1f76a96cad,0
0x158a96da5dcd1ade84ac11ac952683c0ee3516ab,0
0xec33fb8d7c781f6feaf2dd46d521d4f292320200,0
0xe120100349a0b1bf826d2407e519d75c2fe8f859,0
0x82c6c051adf60a8f4a00a313277763938a0ae29d,0
0x237d60a8b41afd2a335305ed458b609d7667d789,0
0x914774d266f39100b56c53c0563c3792f9403e0c,0
0xa971afdca01bd1ca1499346e730a3d1dc06a3a9d,0
0x5088c2985210925d15ea470a160fc08b352818d0,0
0xf0160428a8552ac9bb7e050d90eeade4ddd52843,0
0x9fadbdac1b57b08381e74a3591b84a138102dc23,0
0x34f61ff92cd0f49a358a9fdedde62898b9d70901,0
0x70b0505c0653e0fed13d2f0924ad63cdf39edefe,0
0xf2fd0c1eb5a2989e32ce929276463164410796b4,0
0x56ba2ee7890461f463f7be02aac3099f6d5811a8,0
0x5a16f165d139796732e2d9bba86bd20c8349d12e,0
0x5a2a454675c1b659caa58b5675ee759b992b84b1,0
0x04ebe325519223119ab6bde2b84e23a6ecd05d65,0
0xae8a616011274cde89dd86e2f40b73c449e2f45b,0
0xb044a1f6352fadbb9cee1a499f2ccf17204f8afe,0
0xeb4844a87937c9ee3ae6c89268806c0ab5bd5dff,0
0x3c07b3f4a6e253915d83c86707f0af07521d1cd8,0
0x5745b21f6365b379451f2f327274812d7a5d3d0d,0
0x459f90b6e8dc23bbf1ff4c2f22aa2149b4bd4cff,0
0xc1caec30b787711108957660a3f9306a5d967f66,0
0x253137971b86074021334fb5b7e03ebf2545ead3,0
0x67499a8bcdd401ee18c1f8a62c903edbc1883954,0
0xf74a6e92588ee0a524b44b251e0b47d1a15824f7,0
0xe18ce35060f39ed5c68b92629230aadcd79ea6e3,0
0x1be116204bb55cb61c821a1c7866fa6f94b561a5,0
0xdf7734f8dbd40b392128993d847e9ede790dd1c9,0
0xe1a6b457841ec3201a541e823b916bbd0885e1db,0
0x8b34fbc553db3462ad4909f2e5577cc22f63c216,0
0x0b8d56c26d8cf16fe1bddf4967753503d974de06,0
0x558aac46e98bccd0362301e24fd8d18433444fab,0
0x68ed5f7482307dcd325cd92d48b52b0a2e2a7069,0
0x86fa049857e0209aa7d9e616f7eb3b3b78ecfdb0,0
0x302ee98862a56ada967e7e61af3e3795d0d59712,0
0x575cb87ab3c2329a0248c7d70e0ead8e57f3e3f7,0
0xed6e9ede980636c622124e01558b49b23c8f45be,0
0x336f646f87d9f6bc6ed42dd46e8b3fd9dbd15c22,0
0x71caff5fd6facbaf1863426ac05b3703636a9bb9,0
0x63091244180ae240c87d1f528f5f269134cb07b3,0
0xb7cb1c96db6b22b0d3d9536e0108d062bd488f74,0
0x29aa20fb9b23421e310bdb8a7cfb81d7fbb4a1b3,0
0xb8789ac777710ee56e9f8c4bb3ff67a8e436c34d,0
0xc008dcb708c68286d80ae36cba6397ed5bd5c7ee,0
0x8ff920020c8ad673661c8117f2855c384758c572,0
0x125c0260feec92471d1a144f3cdce185a565f374,0
0xece701c76bd00d1c3f96410a0c69ea8dfcf5f34e,0
0xd2e16a20dd7b1ae54fb0312209784478d069c7b0,0
0x126799e70341c54203d241c92c1f511dbe75aded,0
0x629469c8db3a4d7bcc3a823effcf8900119ba7e7,0
0xde3ef098c2b8a1f1598a272e959c479b8376265d,0
0x1f573d6fb3f13d689ff844b4ce37794d79a7ff1c,0
0xe7775a6e9bcf904eb39da2b68c5efb4f9360e08c,0
0xcfb98637bcae43c13323eaa1731ced2b716962fd,0
0xef82b51cd11b2cd198e7d9f7c75a486dd072194c,0
0x17f3699461888bcaf15199cfd5ee84d7d74848d4,0
0xad8467896a1eb71c47c753ff58e780b72d26ff2e,0
0x163733bcc28dbf26b41a8cfa83e369b5b3af741b,0
0x12e4303bc6ad8ddb4e3edb3d632f3533261878e0,0
0xc936a131b1f1576ccadb8196d91ecbf108d11d01,0
0xeaaf270436a0ed397ed23bbf64df7b1dcaff142f,0
0x7171d368b76f5607ddd6233a00f5c2f5d82a95e4,0
0x15a23eee2988a54e1a6b326fd469c94bed98ae5a,0
0xf5096917729885ef5b1a8c4ef238d3cf06028ee7,0
0x76bc9e61a1904b82cbf70d1fd9c0f8a120483bbb,0
0x6cd81d35b3b8dc27a54ae20baec956586383d34b,0
0xf16d5733a31d54e828460afbf7d60aa803a61c51,0
0x6410504202c3fd106baadb2a1c1782b0adad1654,0
0x6456e0e49bf6318e417cf8f1c86508eec70f66da,0
0x07307d0b136a79bac718f43388aed706389c4588,0
0x3127e409438c651f378881d1df6e4972d6f29150,0
0xc7dfe4304bd4c9dd6ed414443c077fc06501e9ac,0
0x85c548a176f86bcaad45e96a7758538ddaba3a65,0
0x5f586681e6aaf49b43bc8808b65c4f566249de35,0
0x21bceeef718a0928c2cc1f1d980bab5993f837ba,0
0xd588b586d61c826a0e87919b3d1a239206d58bf2,0
0xaec2e87e0a235266d9c5adc9deb4b2e29b54d009,0
0x897c6cf1996edfb2126703dcecf038df646298fa,0
0x6e0ec952e49212f2e2e2f94fedaa84f5c044acef,0
0xf0cfb6e33af9a0bbf70b37662c0f5b3c7483b16d,0
0x2dc0170450e66af2d3f5c56aa0b20ec4a254902e,0
0xc0a1f89bbcaddab4b736e786b6b16c67bc92ed35,0
0x6fff3806bbac52a20e0d79bc538d527f6a22c96b,0
0x3cd4351f3c962f871024efef2922ae39896e4761,0
0x728e2d16369d41bf19ad50233c62347f112814cf,0
0x2bcca955c9200c9a5f888bc2b14b91aaa56cd5c5,0
0x48946d2452e72103703ad5317c9fa7b3a3d9b5a8,0
0xb1021477444c6566509e1b80d2c99e9603a31c47,0
0x498e950892260b0e9dfd5895d7501f340e92d263,0
0x213d2b0498d7eef3151aa9af2e5c4eb8674ecce5,0
0xd7dc42b78b5ca37ff5493598d5b6978dc98c3b38,0
0xcccd5b66bf6990c7210fd76781469b19bcff9bae,0
0xeda2b1cc85743ad07d6eb8e5a22cdbe142c10e6d,0
0xea1f346faf023f974eb5adaf088bbcdf02d761f4,0
0xd79b4c6791784184e2755b2fc1659eaab0f80456,0
0x882448f83d90b2bf477af2ea79327fdea1335d93,0
0x03c18d649e743ee0b09f28a81d33575f03af9826,0
0x36b14bae0989f65f80892b99a55378d3e1a80c81,0
0x91fe28b2e059cb89aab4c763fc059bdb73e6bdc8,0
0xf8fc0cc97d01a47e0ba66b167b120a8a0deab949,0
0x00f90986cdd79744409f8a3c7747064afa4473b5,0
0x2c2e3baa2191cf325a28a01ff42340f2ae677572,0
0x8e0600987cb75d2da6871b5d970f004ed1f2cb8d,0
0x032747313c4e914b5fce356ab8dc4df551972dcd,0
0x7da82c7ab4771ff031b66538d2fb9b0b047f6cf9,0
0x77a77eca75445841875ebb67a33d0a97dc34d924,0
0x77faed976e187f26b49e78be8418ab074a341f26,0
0x4e0603e2a27a30480e5e3a4fe548e29ef12f64be,0
0xa643a6cfc95fb163dc8e94af0d9eedb8a6e89892,0
0xc58f14af29ec15bbbf2734fe7f4fe8bc4448d38f,0
0xaf6d36e6a376cda44a5ce9280507e5e24132c143,0
0x92579f2fa430b20bf6ce9d19938fe061aad992e2,0
0x594f1b4fa77be53c36001b2a207e58d8bcbf3d4f,0
0x49488350b4b2ed2fd164dd0d50b00e7e3f531651,0
0x7c4a690585ffe89c01aebfce188b9bec8def9e8d,0
0x91126cfa7db2983527b0b749cc8a61fdeffedc28,0
0x7176a57a53a87a800a6d7ec33c8479a8deb57d8b,0
0x0174312e4aef436606ffdeb4d05d22fb68f36ba0,0
0x1eb96d45c1f8ffb2c583262ce5e536d0b38f160d,0
0xdc20b371ec6c7e911df545ea56bb9397f1272317,0
0x2d4b1cc9a2d7417a9689bbcfefb224876cda7923,0
0xba5f11b16b155792cf3b2e6880e8706859a8aeb6,0
0x4b92a948ced9d457b4655abf62ed930a090f8566,0
0xc876b7545c2b6bfac4cd82db1ebd33f70d738277,0
0xdfc328c19c8de45ac0117f836646378c10e0cda3,0
0x19e6ca4150156c3a5281bb7f5bd8574618865c22,0
0xc8b2c33a45ce83d19da15a58d1d1ddb2738506bf,0
0x5d9b8fa00c16bcafae47deed872e919c8f6535bf,0
0x584ac1314963f7c648241d03467185645b640281,0
0x13143a660635d0bc703ff5674e66850cf6be6e12,0
0x52ae2b53c847327f95a5084a7c38c0adb12fd302,0
0xbca13cbebff557143e8ad089192380e9c9a58c70,0
0xa42bc6227dde3962a4950a59f3c2fc6233a30ed0,0
0x2612a761fa34a8e5b8613c2df67c3163094da68c,0
